Workbook

Sheet Comparison
A1: Dataset | B1: Modularity | C1: Avg Path
A2: JCVI | B2: =JCVI!B23 -> 0.73605 | C2: =JCVI!I2 -> 6.989
A3: Aureus | B3: =Aureus!B18 -> 0.86726667 | C3: =Aureus!J3 -> 9.51
A4: Pneumoniae | B4: =Pneumoniae!B16 -> 0.87430769 | C4: =Pneumoniae!J3 -> 7.265
A5: Genitalium | B5: =Genitalium!B18 -> 0.85346667 | C5: =Genitalium!J3 -> 9.598
A6: Minesweeper | B6: =Minesweeper!B18 -> 0.8758 | C6: =Minesweeper!J3 -> 8.123

Sheet JCVI
A1: Modularity | C1: Communities | E1: Diameter | G1: Radius | I1: Avg Path
A2: before | B2: after | C2: before | D2: after | E2: before | F2: after | G2: before | H2: after | I2: 6.989
A3: 0.637 | B3: 0.722 | C3: 11 | D3: 12 | E3: 12 | F3: 18 | G3: 6 | H3: 9
A4: 0.63 | B4: 0.727 | C4: 11 | D4: 11
A5: 0.634 | B5: 0.72 | C5: 12 | D5: 11
A6: 0.627 | B6: 0.736
A7: 0.633 | B7: 0.738
A8: 0.627 | B8: 0.743
A9: 0.619 | B9: 0.739
A10: 0.64 | B10: 0.734
A11: 0.627 | B11: 0.734
A12: 0.638 | B12: 0.735
A13: 0.626 | B13: 0.743
A14: 0.618 | B14: 0.732
A15: 0.631 | B15: 0.731
A16: 0.616 | B16: 0.744
A17: 0.626 | B17: 0.742
... A22: 0.633 | B22: 0.745
A23: =AVERAGE(A3:A22) -> 0.62965 | B23: =AVERAGE(B3:B22) -> 0.73605

Sheet Pneumoniae
A1: Modularity | C1: Communities | E1: Diameter | G1: Radius | I1: Avg Path
A2: Before | B2: After | C2: Before | D2: After | E2: Before | F2: After | G2: Before | H2: After | I2: Before | J2: After
A3: 0.69 | B3: 0.837 | C3: 14 | D3: 36 | E3: 12 | F3: 20 | G3: 1 | H3: 6 | I3: 4.937 | J3: 7.265
A4: 0.69 | B4: 0.875 | C4: 14 | D4: 37
A5: 0.691 | B5: 0.875 | C5: 13 | D5: 36
A6: 0.692 | B6: 0.877 | C6: 13 | D6: 37
A7: 0.688 | B7: 0.881 | C7: 15 | D7: 37
A8: 0.695 | B8: 0.876 | C8: 14 | D8: 37
A9: 0.688 | B9: 0.876 | C9: 14 | D9: 36
A10: 0.689 | B10: 0.882 | C10: 14 | D10: 37
A11: 0.685 | B11: 0.878 | C11: 13 | D11: 36
A12: 0.683 | B12: 0.878 | C12: 14 | D12: 38
A13: 0.677 | B13: 0.875 | C13: 14 | D13: 36
A14: 0.683 | B14: 0.879 | C14: 17 | D14: 36
A15: 0.693 | B15: 0.877 | C15: 15 | D15: 37
A16: =AVERAGE(A3:A15) -> 0.688 | B16: =AVERAGE(B3:B15) -> 0.87430769 | C16: =AVERAGE(C3:C15) -> 14.153846 | D16: =AVERAGE(D3:D15) -> 36.615385

Sheet Genitalium
A1: Modularity | C1: Communities | E1: Diameter | G1: Radius | I1: Avg Path
A2: Before | B2: After | C2: Before | D2: After | E2: Before | F2: After | G2: Before | H2: After | I2: Before | J2: After
A3: 0.687 | B3: 0.854 | C3: 12 | D3: 37 | E3: 12 | F3: 26 | G3: 1 | H3: 13 | I3: 5.051 | J3: 9.598
A4: 0.701 | B4: 0.855 | C4: 15 | D4: 38
A5: 0.698 | B5: 0.854 | C5: 11 | D5: 38
A6: 0.695 | B6: 0.855 | C6: 13 | D6: 39
A7: 0.689 | B7: 0.853 | C7: 16 | D7: 39
A8: 0.701 | B8: 0.852 | C8: 15 | D8: 36
A9: 0.686 | B9: 0.848 | C9: 14 | D9: 38
A10: 0.694 | B10: 0.856 | C10: 16 | D10: 39
A11: 0.691 | B11: 0.855 | C11: 16 | D11: 38
A12: 0.687 | B12: 0.855 | C12: 14 | D12: 37
A13: 0.696 | B13: 0.85 | C13: 16 | D13: 37
A14: 0.7 | B14: 0.857 | C14: 17 | D14: 40
A15: 0.704 | B15: 0.856 | C15: 16 | D15: 38
... A17: 0.698 | B17: 0.853 | C17: 14 | D17: 39
A18: =AVERAGE(A3:A17) -> 0.6946 | B18: =AVERAGE(B3:B17) -> 0.85346667 | C18: =AVERAGE(C3:C17) -> 14.666667 | D18: =AVERAGE(D3:D17) -> 38

Sheet Aureus
A1: Modularity | C1: Communities | E1: Diameter | G1: Radius | I1: Avg Path | L1: Modularity: 0,868 | M1: Modularity: 0,863 | N1: Modularity: 0,869 | O1: Modularity: 0,870 | P1: Modularity: 0,866 | Q1: Modularity: 0,868 | R1: Modularity: 0,871 | S1: Modularity: 0,868 | T1: Modularity: 0,864 | U1: Modularity: 0,868 | V1: Modularity: 0,872 | W1: Modularity: 0,863 | X1: Modularity: 0,865 | Y1: Modularity: 0,865 | Z1: Modularity: 0,869
A2: Before | B2: After | C2: Before | D2: After | E2: Before | F2: After | G2: Before | H2: After | I2: Before | J2: After | L2: Number of Communities: 41 | M2: Number of Communities: 39 | N2: Number of Communities: 40 | O2: Number of Communities: 41 | P2: Number of Communities: 40 | Q2: Number of Communities: 41 | R2: Number of Communities: 38 | S2: Number of Communities: 40 | T2: Number of Communities: 41 | U2: Number of Communities: 38 | V2: Number of Communities: 40 | W2: Number of Communities: 39 | X2: Number of Communities: 40 | Y2: Number of Communities: 41 | Z2: Number of Communities: 41
A3: 0.708 | B3: 0.868 | C3: 19 | D3: 41 | E3: 14 | F3: 26 | G3: 1 | H3: 13 | I3: 5.218 | J3: 9.51
A4: 0.71 | B4: 0.863 | C4: 19 | D4: 39
A5: 0.71 | B5: 0.869 | C5: 20 | D5: 40
A6: 0.706 | B6: 0.87 | C6: 17 | D6: 41
A7: 0.698 | B7: 0.866 | C7: 18 | D7: 40
A8: 0.702 | B8: 0.868 | C8: 22 | D8: 41
A9: 0.695 | B9: 0.871 | C9: 19 | D9: 38
A10: 0.695 | B10: 0.868 | C10: 20 | D10: 40
A11: 0.705 | B11: 0.864 | C11: 18 | D11: 41
A12: 0.705 | B12: 0.868 | C12: 19 | D12: 38
A13: 0.701 | B13: 0.872 | C13: 20 | D13: 40
A14: 0.71 | B14: 0.863 | C14: 18 | D14: 39
A15: 0.705 | B15: 0.865 | C15: 18 | D15: 40
... A17: 0.705 | B17: 0.869 | C17: 20 | D17: 41
A18: =AVERAGE(A3:A17) -> 0.70373333 | B18: =AVERAGE(B3:B17) -> 0.86726667 | C18: =AVERAGE(C3:C17) -> 19.133333 | D18: =AVERAGE(D3:D17) -> 40
F21: {=TRANSPOSE(L1:Z2)} -> Modularity: 0,868 | G21: Number of Communities: 41 | H21: =_xlfn.NUMBERVALUE(SUBSTITUTE(F21,"Modularity: ","")) -> 0.868 | I21: =_xlfn.NUMBERVALUE(SUBSTITUTE(G21,"Number of Communities: ","")) -> 41
F22: Modularity: 0,863 | G22: Number of Communities: 39 | H22: =_xlfn.NUMBERVALUE(SUBSTITUTE(F22,"Modularity: ","")) -> 0.863 | I22: =_xlfn.NUMBERVALUE(SUBSTITUTE(G22,"Number of Communities: ","")) -> 39
F23: Modularity: 0,869 | G23: Number of Communities: 40 | H23: =_xlfn.NUMBERVALUE(SUBSTITUTE(F23,"Modularity: ","")) -> 0.869 | I23: =_xlfn.NUMBERVALUE(SUBSTITUTE(G23,"Number of Communities: ","")) -> 40
F24: Modularity: 0,870 | G24: Number of Communities: 41 | H24: =_xlfn.NUMBERVALUE(SUBSTITUTE(F24,"Modularity: ","")) -> 0.87 | I24: =_xlfn.NUMBERVALUE(SUBSTITUTE(G24,"Number of Communities: ","")) -> 41
F25: Modularity: 0,866 | G25: Number of Communities: 40 | H25: =_xlfn.NUMBERVALUE(SUBSTITUTE(F25,"Modularity: ","")) -> 0.866 | I25: =_xlfn.NUMBERVALUE(SUBSTITUTE(G25,"Number of Communities: ","")) -> 40
F26: Modularity: 0,868 | G26: Number of Communities: 41 | H26: =_xlfn.NUMBERVALUE(SUBSTITUTE(F26,"Modularity: ","")) -> 0.868 | I26: =_xlfn.NUMBERVALUE(SUBSTITUTE(G26,"Number of Communities: ","")) -> 41
F27: Modularity: 0,871 | G27: Number of Communities: 38 | H27: =_xlfn.NUMBERVALUE(SUBSTITUTE(F27,"Modularity: ","")) -> 0.871 | I27: =_xlfn.NUMBERVALUE(SUBSTITUTE(G27,"Number of Communities: ","")) -> 38
F28: Modularity: 0,868 | G28: Number of Communities: 40 | H28: =_xlfn.NUMBERVALUE(SUBSTITUTE(F28,"Modularity: ","")) -> 0.868 | I28: =_xlfn.NUMBERVALUE(SUBSTITUTE(G28,"Number of Communities: ","")) -> 40
F29: Modularity: 0,864 | G29: Number of Communities: 41 | H29: =_xlfn.NUMBERVALUE(SUBSTITUTE(F29,"Modularity: ","")) -> 0.864 | I29: =_xlfn.NUMBERVALUE(SUBSTITUTE(G29,"Number of Communities: ","")) -> 41
F30: Modularity: 0,868 | G30: Number of Communities: 38 | H30: =_xlfn.NUMBERVALUE(SUBSTITUTE(F30,"Modularity: ","")) -> 0.868 | I30: =_xlfn.NUMBERVALUE(SUBSTITUTE(G30,"Number of Communities: ","")) -> 38
F31: Modularity: 0,872 | G31: Number of Communities: 40 | H31: =_xlfn.NUMBERVALUE(SUBSTITUTE(F31,"Modularity: ","")) -> 0.872 | I31: =_xlfn.NUMBERVALUE(SUBSTITUTE(G31,"Number of Communities: ","")) -> 40
F32: Modularity: 0,863 | G32: Number of Communities: 39 | H32: =_xlfn.NUMBERVALUE(SUBSTITUTE(F32,"Modularity: ","")) -> 0.863 | I32: =_xlfn.NUMBERVALUE(SUBSTITUTE(G32,"Number of Communities: ","")) -> 39
F33: Modularity: 0,865 | G33: Number of Communities: 40 | H33: =_xlfn.NUMBERVALUE(SUBSTITUTE(F33,"Modularity: ","")) -> 0.865 | I33: =_xlfn.NUMBERVALUE(SUBSTITUTE(G33,"Number of Communities: ","")) -> 40
... F35: Modularity: 0,869 | G35: Number of Communities: 41 | H35: =_xlfn.NUMBERVALUE(SUBSTITUTE(F35,"Modularity: ","")) -> 0.869 | I35: =_xlfn.NUMBERVALUE(SUBSTITUTE(G35,"Number of Communities: ","")) -> 41

Sheet Minesweeper
A1: Modularity | C1: Communities | E1: Diameter | G1: Radius | I1: Avg Path | L1: Modularity: 0,876 | M1: Modularity: 0,872 | N1: Modularity: 0,879 | O1: Modularity: 0,876 | P1: Modularity: 0,878 | Q1: Modularity: 0,875 | R1: Modularity: 0,875 | S1: Modularity: 0,878 | T1: Modularity: 0,873 | U1: Modularity: 0,876 | V1: Modularity: 0,878 | W1: Modularity: 0,874 | X1: Modularity: 0,877 | Y1: Modularity: 0,872 | Z1: Modularity: 0,878
A2: Before | B2: After | C2: Before | D2: After | E2: Before | F2: After | G2: Before | H2: After | I2: Before | J2: After | L2: Number of Communities: 35 | M2: Number of Communities: 36 | N2: Number of Communities: 35 | O2: Number of Communities: 37 | P2: Number of Communities: 37 | Q2: Number of Communities: 36 | R2: Number of Communities: 35 | S2: Number of Communities: 37 | T2: Number of Communities: 36 | U2: Number of Communities: 35 | V2: Number of Communities: 37 | W2: Number of Communities: 37 | X2: Number of Communities: 36 | Y2: Number of Communities: 36 | Z2: Number of Communities: 36
A3: 0.707 | B3: 0.876 | C3: 18 | D3: 35 | E3: 12 | F3: 18 | G3: 7 | H3: 9 | I3: 5.077 | J3: 8.123
A4: 0.716 | B4: 0.872 | C4: 15 | D4: 36
A5: 0.723 | B5: 0.879 | C5: 15 | D5: 35
A6: 0.72 | B6: 0.876 | C6: 16 | D6: 37
A7: 0.722 | B7: 0.878 | C7: 16 | D7: 37
A8: 0.723 | B8: 0.875 | C8: 16 | D8: 36
A9: 0.708 | B9: 0.875 | C9: 15 | D9: 35
A10: 0.707 | B10: 0.878 | C10: 17 | D10: 37
A11: 0.73 | B11: 0.873 | C11: 17 | D11: 36
A12: 0.728 | B12: 0.876 | C12: 16 | D12: 35
A13: 0.716 | B13: 0.878 | C13: 16 | D13: 37
A14: 0.697 | B14: 0.874 | C14: 21 | D14: 37
A15: 0.727 | B15: 0.877 | C15: 17 | D15: 36
... A17: 0.722 | B17: 0.878 | C17: 15 | D17: 36
A18: =AVERAGE(A3:A17) -> 0.71786667 | B18: =AVERAGE(B3:B17) -> 0.8758 | C18: =AVERAGE(C3:C17) -> 16.4 | D18: =AVERAGE(D3:D17) -> 36.066667
F21: {=TRANSPOSE(L1:Z2)} -> Modularity: 0,876 | G21: Number of Communities: 35 | H21: =_xlfn.NUMBERVALUE(SUBSTITUTE(F21,"Modularity: ","")) -> 0.876 | I21: =_xlfn.NUMBERVALUE(SUBSTITUTE(G21,"Number of Communities: ","")) -> 35
F22: Modularity: 0,872 | G22: Number of Communities: 36 | H22: =_xlfn.NUMBERVALUE(SUBSTITUTE(F22,"Modularity: ","")) -> 0.872 | I22: =_xlfn.NUMBERVALUE(SUBSTITUTE(G22,"Number of Communities: ","")) -> 36
F23: Modularity: 0,879 | G23: Number of Communities: 35 | H23: =_xlfn.NUMBERVALUE(SUBSTITUTE(F23,"Modularity: ","")) -> 0.879 | I23: =_xlfn.NUMBERVALUE(SUBSTITUTE(G23,"Number of Communities: ","")) -> 35
F24: Modularity: 0,876 | G24: Number of Communities: 37 | H24: =_xlfn.NUMBERVALUE(SUBSTITUTE(F24,"Modularity: ","")) -> 0.876 | I24: =_xlfn.NUMBERVALUE(SUBSTITUTE(G24,"Number of Communities: ","")) -> 37
F25: Modularity: 0,878 | G25: Number of Communities: 37 | H25: =_xlfn.NUMBERVALUE(SUBSTITUTE(F25,"Modularity: ","")) -> 0.878 | I25: =_xlfn.NUMBERVALUE(SUBSTITUTE(G25,"Number of Communities: ","")) -> 37
F26: Modularity: 0,875 | G26: Number of Communities: 36 | H26: =_xlfn.NUMBERVALUE(SUBSTITUTE(F26,"Modularity: ","")) -> 0.875 | I26: =_xlfn.NUMBERVALUE(SUBSTITUTE(G26,"Number of Communities: ","")) -> 36
F27: Modularity: 0,875 | G27: Number of Communities: 35 | H27: =_xlfn.NUMBERVALUE(SUBSTITUTE(F27,"Modularity: ","")) -> 0.875 | I27: =_xlfn.NUMBERVALUE(SUBSTITUTE(G27,"Number of Communities: ","")) -> 35
F28: Modularity: 0,878 | G28: Number of Communities: 37 | H28: =_xlfn.NUMBERVALUE(SUBSTITUTE(F28,"Modularity: ","")) -> 0.878 | I28: =_xlfn.NUMBERVALUE(SUBSTITUTE(G28,"Number of Communities: ","")) -> 37
F29: Modularity: 0,873 | G29: Number of Communities: 36 | H29: =_xlfn.NUMBERVALUE(SUBSTITUTE(F29,"Modularity: ","")) -> 0.873 | I29: =_xlfn.NUMBERVALUE(SUBSTITUTE(G29,"Number of Communities: ","")) -> 36
F30: Modularity: 0,876 | G30: Number of Communities: 35 | H30: =_xlfn.NUMBERVALUE(SUBSTITUTE(F30,"Modularity: ","")) -> 0.876 | I30: =_xlfn.NUMBERVALUE(SUBSTITUTE(G30,"Number of Communities: ","")) -> 35
F31: Modularity: 0,878 | G31: Number of Communities: 37 | H31: =_xlfn.NUMBERVALUE(SUBSTITUTE(F31,"Modularity: ","")) -> 0.878 | I31: =_xlfn.NUMBERVALUE(SUBSTITUTE(G31,"Number of Communities: ","")) -> 37
F32: Modularity: 0,874 | G32: Number of Communities: 37 | H32: =_xlfn.NUMBERVALUE(SUBSTITUTE(F32,"Modularity: ","")) -> 0.874 | I32: =_xlfn.NUMBERVALUE(SUBSTITUTE(G32,"Number of Communities: ","")) -> 37
F33: Modularity: 0,877 | G33: Number of Communities: 36 | H33: =_xlfn.NUMBERVALUE(SUBSTITUTE(F33,"Modularity: ","")) -> 0.877 | I33: =_xlfn.NUMBERVALUE(SUBSTITUTE(G33,"Number of Communities: ","")) -> 36
... F35: Modularity: 0,878 | G35: Number of Communities: 36 | H35: =_xlfn.NUMBERVALUE(SUBSTITUTE(F35,"Modularity: ","")) -> 0.878 | I35: =_xlfn.NUMBERVALUE(SUBSTITUTE(G35,"Number of Communities: ","")) -> 36
